"","Block","Base_File","Repeated","Insert","Degredation","Image"
"1",1,"002b.jpg",1,NA,75,"002b.jpg"
"2",1,"005b.jpg",1,NA,75,"005b.jpg"
"3",1,"007b.jpg",1,NA,75,"007b.jpg"
"4",1,"008b.jpg",1,NA,50,"008b.jpg"
"5",1,"009a.jpg",1,NA,25,"009a.jpg"
"6",1,"011a.jpg",1,NA,25,"011a.jpg"
"7",1,"012b.jpg",1,NA,25,"012b.jpg"
"8",1,"013b.jpg",1,NA,25,"013b.jpg"
"9",1,"014b.jpg",1,NA,50,"014b.jpg"
"10",1,"016a.jpg",1,NA,50,"016a.jpg"
"11",1,"017a.jpg",1,NA,75,"017a.jpg"
"12",1,"018a.jpg",1,NA,50,"018a.jpg"
"13",1,"019b.jpg",1,NA,0,"019b.jpg"
"14",1,"020b.jpg",1,NA,0,"020b.jpg"
"15",1,"021a.jpg",1,NA,0,"021a.jpg"
"16",1,"023b.jpg",1,NA,25,"023b.jpg"
"17",1,"024a.jpg",1,NA,25,"024a.jpg"
"18",1,"025a.jpg",1,NA,25,"025a.jpg"
"19",1,"026a.jpg",1,NA,0,"026a.jpg"
"20",1,"027b.jpg",1,NA,0,"027b.jpg"
"21",1,"029a.jpg",1,NA,75,"029a.jpg"
"22",1,"031a.jpg",1,NA,0,"031a.jpg"
"23",1,"032a.jpg",1,NA,75,"032a.jpg"
"24",1,"033b.jpg",1,NA,75,"033b.jpg"
"25",1,"034b.jpg",1,NA,50,"034b.jpg"
"26",1,"036b.jpg",1,NA,50,"036b.jpg"
"27",1,"037b.jpg",1,NA,50,"037b.jpg"
"28",1,"038b.jpg",1,NA,50,"038b.jpg"
"29",1,"039a.jpg",1,NA,50,"039a.jpg"
"30",1,"040a.jpg",1,NA,75,"040a.jpg"
"31",1,"041a.jpg",1,NA,75,"041a.jpg"
"32",1,"042b.jpg",1,NA,25,"042b.jpg"
"33",1,"043b.jpg",1,NA,75,"043b.jpg"
"34",1,"044a.jpg",1,NA,0,"044a.jpg"
"35",1,"045b.jpg",1,NA,75,"045b.jpg"
"36",1,"046b.jpg",1,NA,50,"046b.jpg"
"37",1,"047a.jpg",1,NA,75,"047a.jpg"
"38",1,"048b.jpg",1,NA,25,"048b.jpg"
"39",1,"049b.jpg",1,NA,25,"049b.jpg"
"40",1,"050b.jpg",1,NA,0,"050b.jpg"
"41",1,"052a.jpg",1,NA,75,"052a.jpg"
"42",1,"053b.jpg",1,NA,0,"053b.jpg"
"43",1,"054b.jpg",1,NA,50,"054b.jpg"
"44",1,"055b.jpg",1,NA,25,"055b.jpg"
"45",1,"056a.jpg",1,NA,25,"056a.jpg"
"46",1,"057b.jpg",1,NA,0,"057b.jpg"
"47",1,"059b.jpg",1,NA,75,"059b.jpg"
"48",1,"062a.jpg",1,NA,75,"062a.jpg"
"49",1,"063b.jpg",1,NA,50,"063b.jpg"
"50",1,"064b.jpg",1,NA,0,"064b.jpg"
"51",1,"065a.jpg",1,NA,75,"065a.jpg"
"52",1,"067b.jpg",1,NA,50,"067b.jpg"
"53",1,"068a.jpg",1,NA,50,"068a.jpg"
"54",1,"069a.jpg",1,NA,50,"069a.jpg"
"55",1,"070a.jpg",1,NA,0,"070a.jpg"
"56",1,"071a.jpg",1,NA,50,"071a.jpg"
"57",1,"072b.jpg",1,NA,0,"072b.jpg"
"58",1,"074b.jpg",1,NA,0,"074b.jpg"
"59",1,"075b.jpg",1,NA,75,"075b.jpg"
"60",1,"076a.jpg",1,NA,25,"076a.jpg"
"61",1,"077b.jpg",1,NA,25,"077b.jpg"
"62",1,"078a.jpg",1,NA,25,"078a.jpg"
"63",1,"079a.jpg",1,NA,0,"079a.jpg"
"64",1,"080b.jpg",1,NA,25,"080b.jpg"
"65",1,"081a.jpg",1,NA,0,"081a.jpg"
"66",1,"082a.jpg",1,NA,25,"082a.jpg"
"67",1,"083a.jpg",1,NA,25,"083a.jpg"
"68",1,"085a.jpg",1,NA,50,"085a.jpg"
"69",1,"086a.jpg",1,NA,0,"086a.jpg"
"70",1,"087a.jpg",1,NA,75,"087a.jpg"
"71",1,"088a.jpg",1,NA,50,"088a.jpg"
"72",1,"090a.jpg",1,NA,50,"090a.jpg"
"73",1,"091b.jpg",1,NA,75,"091b.jpg"
"74",1,"092a.jpg",1,NA,0,"092a.jpg"
"75",1,"093a.jpg",1,NA,25,"093a.jpg"
"76",1,"094a.jpg",1,NA,50,"094a.jpg"
"77",1,"096a.jpg",1,NA,0,"096a.jpg"
"78",1,"097a.jpg",1,NA,25,"097a.jpg"
"79",1,"099b.jpg",1,NA,75,"099b.jpg"
"80",1,"100a.jpg",1,NA,0,"100a.jpg"
"81",1,"001a.jpg",0,3,0,"001a.jpg"
"82",1,"003b.jpg",0,1,0,"003b.jpg"
"83",1,"004a.jpg",0,4,0,"004a.jpg"
"84",1,"006a.jpg",0,3,0,"006a.jpg"
"85",1,"010b.jpg",0,4,0,"010b.jpg"
"86",1,"015a.jpg",0,2,0,"015a.jpg"
"87",1,"022b.jpg",0,3,0,"022b.jpg"
"88",1,"028a.jpg",0,1,0,"028a.jpg"
"89",1,"030b.jpg",0,4,0,"030b.jpg"
"90",1,"035b.jpg",0,3,0,"035b.jpg"
"91",1,"051a.jpg",0,4,0,"051a.jpg"
"92",1,"058a.jpg",0,4,0,"058a.jpg"
"93",1,"060b.jpg",0,2,0,"060b.jpg"
"94",1,"061a.jpg",0,2,0,"061a.jpg"
"95",1,"066a.jpg",0,1,0,"066a.jpg"
"96",1,"073a.jpg",0,1,0,"073a.jpg"
"97",1,"084a.jpg",0,3,0,"084a.jpg"
"98",1,"089b.jpg",0,2,0,"089b.jpg"
"99",1,"095b.jpg",0,2,0,"095b.jpg"
"100",1,"098a.jpg",0,1,0,"098a.jpg"
"101",2,"002b.jpg",1,NA,75,"002b_75_1.png"
"102",2,"005b.jpg",1,NA,75,"005b_75_1.png"
"103",2,"007b.jpg",1,NA,75,"007b_75_1.png"
"104",2,"008b.jpg",1,NA,50,"008b_50_1.png"
"105",2,"009a.jpg",1,NA,25,"009a_25_1.png"
"106",2,"011a.jpg",1,NA,25,"011a_25_1.png"
"107",2,"012b.jpg",1,NA,25,"012b_25_1.png"
"108",2,"013b.jpg",1,NA,25,"013b_25_1.png"
"109",2,"014b.jpg",1,NA,50,"014b_50_1.png"
"110",2,"016a.jpg",1,NA,50,"016a_50_1.png"
"111",2,"017a.jpg",1,NA,75,"017a_75_1.png"
"112",2,"018a.jpg",1,NA,50,"018a_50_1.png"
"113",2,"019b.jpg",1,NA,0,"019b.jpg"
"114",2,"020b.jpg",1,NA,0,"020b.jpg"
"115",2,"021a.jpg",1,NA,0,"021a.jpg"
"116",2,"023b.jpg",1,NA,25,"023b_25_1.png"
"117",2,"024a.jpg",1,NA,25,"024a_25_1.png"
"118",2,"025a.jpg",1,NA,25,"025a_25_1.png"
"119",2,"026a.jpg",1,NA,0,"026a.jpg"
"120",2,"027b.jpg",1,NA,0,"027b.jpg"
"121",2,"029a.jpg",1,NA,75,"029a_75_1.png"
"122",2,"031a.jpg",1,NA,0,"031a.jpg"
"123",2,"032a.jpg",1,NA,75,"032a_75_1.png"
"124",2,"033b.jpg",1,NA,75,"033b_75_1.png"
"125",2,"034b.jpg",1,NA,50,"034b_50_1.png"
"126",2,"036b.jpg",1,NA,50,"036b_50_1.png"
"127",2,"037b.jpg",1,NA,50,"037b_50_1.png"
"128",2,"038b.jpg",1,NA,50,"038b_50_1.png"
"129",2,"039a.jpg",1,NA,50,"039a_50_1.png"
"130",2,"040a.jpg",1,NA,75,"040a_75_1.png"
"131",2,"041a.jpg",1,NA,75,"041a_75_1.png"
"132",2,"042b.jpg",1,NA,25,"042b_25_1.png"
"133",2,"043b.jpg",1,NA,75,"043b_75_1.png"
"134",2,"044a.jpg",1,NA,0,"044a.jpg"
"135",2,"045b.jpg",1,NA,75,"045b_75_1.png"
"136",2,"046b.jpg",1,NA,50,"046b_50_1.png"
"137",2,"047a.jpg",1,NA,75,"047a_75_1.png"
"138",2,"048b.jpg",1,NA,25,"048b_25_1.png"
"139",2,"049b.jpg",1,NA,25,"049b_25_1.png"
"140",2,"050b.jpg",1,NA,0,"050b.jpg"
"141",2,"052a.jpg",1,NA,75,"052a_75_1.png"
"142",2,"053b.jpg",1,NA,0,"053b.jpg"
"143",2,"054b.jpg",1,NA,50,"054b_50_1.png"
"144",2,"055b.jpg",1,NA,25,"055b_25_1.png"
"145",2,"056a.jpg",1,NA,25,"056a_25_1.png"
"146",2,"057b.jpg",1,NA,0,"057b.jpg"
"147",2,"059b.jpg",1,NA,75,"059b_75_1.png"
"148",2,"062a.jpg",1,NA,75,"062a_75_1.png"
"149",2,"063b.jpg",1,NA,50,"063b_50_1.png"
"150",2,"064b.jpg",1,NA,0,"064b.jpg"
"151",2,"065a.jpg",1,NA,75,"065a_75_1.png"
"152",2,"067b.jpg",1,NA,50,"067b_50_1.png"
"153",2,"068a.jpg",1,NA,50,"068a_50_1.png"
"154",2,"069a.jpg",1,NA,50,"069a_50_1.png"
"155",2,"070a.jpg",1,NA,0,"070a.jpg"
"156",2,"071a.jpg",1,NA,50,"071a_50_1.png"
"157",2,"072b.jpg",1,NA,0,"072b.jpg"
"158",2,"074b.jpg",1,NA,0,"074b.jpg"
"159",2,"075b.jpg",1,NA,75,"075b_75_1.png"
"160",2,"076a.jpg",1,NA,25,"076a_25_1.png"
"161",2,"077b.jpg",1,NA,25,"077b_25_1.png"
"162",2,"078a.jpg",1,NA,25,"078a_25_1.png"
"163",2,"079a.jpg",1,NA,0,"079a.jpg"
"164",2,"080b.jpg",1,NA,25,"080b_25_1.png"
"165",2,"081a.jpg",1,NA,0,"081a.jpg"
"166",2,"082a.jpg",1,NA,25,"082a_25_1.png"
"167",2,"083a.jpg",1,NA,25,"083a_25_1.png"
"168",2,"085a.jpg",1,NA,50,"085a_50_1.png"
"169",2,"086a.jpg",1,NA,0,"086a.jpg"
"170",2,"087a.jpg",1,NA,75,"087a_75_1.png"
"171",2,"088a.jpg",1,NA,50,"088a_50_1.png"
"172",2,"090a.jpg",1,NA,50,"090a_50_1.png"
"173",2,"091b.jpg",1,NA,75,"091b_75_1.png"
"174",2,"092a.jpg",1,NA,0,"092a.jpg"
"175",2,"093a.jpg",1,NA,25,"093a_25_1.png"
"176",2,"094a.jpg",1,NA,50,"094a_50_1.png"
"177",2,"096a.jpg",1,NA,0,"096a.jpg"
"178",2,"097a.jpg",1,NA,25,"097a_25_1.png"
"179",2,"099b.jpg",1,NA,75,"099b_75_1.png"
"180",2,"100a.jpg",1,NA,0,"100a.jpg"
"181",2,"003b.jpg",0,1,0,"003b.jpg"
"182",2,"028a.jpg",0,1,0,"028a.jpg"
"183",2,"066a.jpg",0,1,0,"066a.jpg"
"184",2,"073a.jpg",0,1,0,"073a.jpg"
"185",2,"098a.jpg",0,1,0,"098a.jpg"
"186",3,"002b.jpg",1,NA,75,"002b_75_2.png"
"187",3,"005b.jpg",1,NA,75,"005b_75_2.png"
"188",3,"007b.jpg",1,NA,75,"007b_75_2.png"
"189",3,"008b.jpg",1,NA,50,"008b_50_2.png"
"190",3,"009a.jpg",1,NA,25,"009a_25_2.png"
"191",3,"011a.jpg",1,NA,25,"011a_25_2.png"
"192",3,"012b.jpg",1,NA,25,"012b_25_2.png"
"193",3,"013b.jpg",1,NA,25,"013b_25_2.png"
"194",3,"014b.jpg",1,NA,50,"014b_50_2.png"
"195",3,"016a.jpg",1,NA,50,"016a_50_2.png"
"196",3,"017a.jpg",1,NA,75,"017a_75_2.png"
"197",3,"018a.jpg",1,NA,50,"018a_50_2.png"
"198",3,"019b.jpg",1,NA,0,"019b.jpg"
"199",3,"020b.jpg",1,NA,0,"020b.jpg"
"200",3,"021a.jpg",1,NA,0,"021a.jpg"
"201",3,"023b.jpg",1,NA,25,"023b_25_2.png"
"202",3,"024a.jpg",1,NA,25,"024a_25_2.png"
"203",3,"025a.jpg",1,NA,25,"025a_25_2.png"
"204",3,"026a.jpg",1,NA,0,"026a.jpg"
"205",3,"027b.jpg",1,NA,0,"027b.jpg"
"206",3,"029a.jpg",1,NA,75,"029a_75_2.png"
"207",3,"031a.jpg",1,NA,0,"031a.jpg"
"208",3,"032a.jpg",1,NA,75,"032a_75_2.png"
"209",3,"033b.jpg",1,NA,75,"033b_75_2.png"
"210",3,"034b.jpg",1,NA,50,"034b_50_2.png"
"211",3,"036b.jpg",1,NA,50,"036b_50_2.png"
"212",3,"037b.jpg",1,NA,50,"037b_50_2.png"
"213",3,"038b.jpg",1,NA,50,"038b_50_2.png"
"214",3,"039a.jpg",1,NA,50,"039a_50_2.png"
"215",3,"040a.jpg",1,NA,75,"040a_75_2.png"
"216",3,"041a.jpg",1,NA,75,"041a_75_2.png"
"217",3,"042b.jpg",1,NA,25,"042b_25_2.png"
"218",3,"043b.jpg",1,NA,75,"043b_75_2.png"
"219",3,"044a.jpg",1,NA,0,"044a.jpg"
"220",3,"045b.jpg",1,NA,75,"045b_75_2.png"
"221",3,"046b.jpg",1,NA,50,"046b_50_2.png"
"222",3,"047a.jpg",1,NA,75,"047a_75_2.png"
"223",3,"048b.jpg",1,NA,25,"048b_25_2.png"
"224",3,"049b.jpg",1,NA,25,"049b_25_2.png"
"225",3,"050b.jpg",1,NA,0,"050b.jpg"
"226",3,"052a.jpg",1,NA,75,"052a_75_2.png"
"227",3,"053b.jpg",1,NA,0,"053b.jpg"
"228",3,"054b.jpg",1,NA,50,"054b_50_2.png"
"229",3,"055b.jpg",1,NA,25,"055b_25_2.png"
"230",3,"056a.jpg",1,NA,25,"056a_25_2.png"
"231",3,"057b.jpg",1,NA,0,"057b.jpg"
"232",3,"059b.jpg",1,NA,75,"059b_75_2.png"
"233",3,"062a.jpg",1,NA,75,"062a_75_2.png"
"234",3,"063b.jpg",1,NA,50,"063b_50_2.png"
"235",3,"064b.jpg",1,NA,0,"064b.jpg"
"236",3,"065a.jpg",1,NA,75,"065a_75_2.png"
"237",3,"067b.jpg",1,NA,50,"067b_50_2.png"
"238",3,"068a.jpg",1,NA,50,"068a_50_2.png"
"239",3,"069a.jpg",1,NA,50,"069a_50_2.png"
"240",3,"070a.jpg",1,NA,0,"070a.jpg"
"241",3,"071a.jpg",1,NA,50,"071a_50_2.png"
"242",3,"072b.jpg",1,NA,0,"072b.jpg"
"243",3,"074b.jpg",1,NA,0,"074b.jpg"
"244",3,"075b.jpg",1,NA,75,"075b_75_2.png"
"245",3,"076a.jpg",1,NA,25,"076a_25_2.png"
"246",3,"077b.jpg",1,NA,25,"077b_25_2.png"
"247",3,"078a.jpg",1,NA,25,"078a_25_2.png"
"248",3,"079a.jpg",1,NA,0,"079a.jpg"
"249",3,"080b.jpg",1,NA,25,"080b_25_2.png"
"250",3,"081a.jpg",1,NA,0,"081a.jpg"
"251",3,"082a.jpg",1,NA,25,"082a_25_2.png"
"252",3,"083a.jpg",1,NA,25,"083a_25_2.png"
"253",3,"085a.jpg",1,NA,50,"085a_50_2.png"
"254",3,"086a.jpg",1,NA,0,"086a.jpg"
"255",3,"087a.jpg",1,NA,75,"087a_75_2.png"
"256",3,"088a.jpg",1,NA,50,"088a_50_2.png"
"257",3,"090a.jpg",1,NA,50,"090a_50_2.png"
"258",3,"091b.jpg",1,NA,75,"091b_75_2.png"
"259",3,"092a.jpg",1,NA,0,"092a.jpg"
"260",3,"093a.jpg",1,NA,25,"093a_25_2.png"
"261",3,"094a.jpg",1,NA,50,"094a_50_2.png"
"262",3,"096a.jpg",1,NA,0,"096a.jpg"
"263",3,"097a.jpg",1,NA,25,"097a_25_2.png"
"264",3,"099b.jpg",1,NA,75,"099b_75_2.png"
"265",3,"100a.jpg",1,NA,0,"100a.jpg"
"266",3,"015a.jpg",0,2,0,"015a.jpg"
"267",3,"060b.jpg",0,2,0,"060b.jpg"
"268",3,"061a.jpg",0,2,0,"061a.jpg"
"269",3,"089b.jpg",0,2,0,"089b.jpg"
"270",3,"095b.jpg",0,2,0,"095b.jpg"
"271",4,"002b.jpg",1,NA,75,"002b_75_3.png"
"272",4,"005b.jpg",1,NA,75,"005b_75_3.png"
"273",4,"007b.jpg",1,NA,75,"007b_75_3.png"
"274",4,"008b.jpg",1,NA,50,"008b_50_3.png"
"275",4,"009a.jpg",1,NA,25,"009a_25_3.png"
"276",4,"011a.jpg",1,NA,25,"011a_25_3.png"
"277",4,"012b.jpg",1,NA,25,"012b_25_3.png"
"278",4,"013b.jpg",1,NA,25,"013b_25_3.png"
"279",4,"014b.jpg",1,NA,50,"014b_50_3.png"
"280",4,"016a.jpg",1,NA,50,"016a_50_3.png"
"281",4,"017a.jpg",1,NA,75,"017a_75_3.png"
"282",4,"018a.jpg",1,NA,50,"018a_50_3.png"
"283",4,"019b.jpg",1,NA,0,"019b.jpg"
"284",4,"020b.jpg",1,NA,0,"020b.jpg"
"285",4,"021a.jpg",1,NA,0,"021a.jpg"
"286",4,"023b.jpg",1,NA,25,"023b_25_3.png"
"287",4,"024a.jpg",1,NA,25,"024a_25_3.png"
"288",4,"025a.jpg",1,NA,25,"025a_25_3.png"
"289",4,"026a.jpg",1,NA,0,"026a.jpg"
"290",4,"027b.jpg",1,NA,0,"027b.jpg"
"291",4,"029a.jpg",1,NA,75,"029a_75_3.png"
"292",4,"031a.jpg",1,NA,0,"031a.jpg"
"293",4,"032a.jpg",1,NA,75,"032a_75_3.png"
"294",4,"033b.jpg",1,NA,75,"033b_75_3.png"
"295",4,"034b.jpg",1,NA,50,"034b_50_3.png"
"296",4,"036b.jpg",1,NA,50,"036b_50_3.png"
"297",4,"037b.jpg",1,NA,50,"037b_50_3.png"
"298",4,"038b.jpg",1,NA,50,"038b_50_3.png"
"299",4,"039a.jpg",1,NA,50,"039a_50_3.png"
"300",4,"040a.jpg",1,NA,75,"040a_75_3.png"
"301",4,"041a.jpg",1,NA,75,"041a_75_3.png"
"302",4,"042b.jpg",1,NA,25,"042b_25_3.png"
"303",4,"043b.jpg",1,NA,75,"043b_75_3.png"
"304",4,"044a.jpg",1,NA,0,"044a.jpg"
"305",4,"045b.jpg",1,NA,75,"045b_75_3.png"
"306",4,"046b.jpg",1,NA,50,"046b_50_3.png"
"307",4,"047a.jpg",1,NA,75,"047a_75_3.png"
"308",4,"048b.jpg",1,NA,25,"048b_25_3.png"
"309",4,"049b.jpg",1,NA,25,"049b_25_3.png"
"310",4,"050b.jpg",1,NA,0,"050b.jpg"
"311",4,"052a.jpg",1,NA,75,"052a_75_3.png"
"312",4,"053b.jpg",1,NA,0,"053b.jpg"
"313",4,"054b.jpg",1,NA,50,"054b_50_3.png"
"314",4,"055b.jpg",1,NA,25,"055b_25_3.png"
"315",4,"056a.jpg",1,NA,25,"056a_25_3.png"
"316",4,"057b.jpg",1,NA,0,"057b.jpg"
"317",4,"059b.jpg",1,NA,75,"059b_75_3.png"
"318",4,"062a.jpg",1,NA,75,"062a_75_3.png"
"319",4,"063b.jpg",1,NA,50,"063b_50_3.png"
"320",4,"064b.jpg",1,NA,0,"064b.jpg"
"321",4,"065a.jpg",1,NA,75,"065a_75_3.png"
"322",4,"067b.jpg",1,NA,50,"067b_50_3.png"
"323",4,"068a.jpg",1,NA,50,"068a_50_3.png"
"324",4,"069a.jpg",1,NA,50,"069a_50_3.png"
"325",4,"070a.jpg",1,NA,0,"070a.jpg"
"326",4,"071a.jpg",1,NA,50,"071a_50_3.png"
"327",4,"072b.jpg",1,NA,0,"072b.jpg"
"328",4,"074b.jpg",1,NA,0,"074b.jpg"
"329",4,"075b.jpg",1,NA,75,"075b_75_3.png"
"330",4,"076a.jpg",1,NA,25,"076a_25_3.png"
"331",4,"077b.jpg",1,NA,25,"077b_25_3.png"
"332",4,"078a.jpg",1,NA,25,"078a_25_3.png"
"333",4,"079a.jpg",1,NA,0,"079a.jpg"
"334",4,"080b.jpg",1,NA,25,"080b_25_3.png"
"335",4,"081a.jpg",1,NA,0,"081a.jpg"
"336",4,"082a.jpg",1,NA,25,"082a_25_3.png"
"337",4,"083a.jpg",1,NA,25,"083a_25_3.png"
"338",4,"085a.jpg",1,NA,50,"085a_50_3.png"
"339",4,"086a.jpg",1,NA,0,"086a.jpg"
"340",4,"087a.jpg",1,NA,75,"087a_75_3.png"
"341",4,"088a.jpg",1,NA,50,"088a_50_3.png"
"342",4,"090a.jpg",1,NA,50,"090a_50_3.png"
"343",4,"091b.jpg",1,NA,75,"091b_75_3.png"
"344",4,"092a.jpg",1,NA,0,"092a.jpg"
"345",4,"093a.jpg",1,NA,25,"093a_25_3.png"
"346",4,"094a.jpg",1,NA,50,"094a_50_3.png"
"347",4,"096a.jpg",1,NA,0,"096a.jpg"
"348",4,"097a.jpg",1,NA,25,"097a_25_3.png"
"349",4,"099b.jpg",1,NA,75,"099b_75_3.png"
"350",4,"100a.jpg",1,NA,0,"100a.jpg"
"351",4,"001a.jpg",0,3,0,"001a.jpg"
"352",4,"006a.jpg",0,3,0,"006a.jpg"
"353",4,"022b.jpg",0,3,0,"022b.jpg"
"354",4,"035b.jpg",0,3,0,"035b.jpg"
"355",4,"084a.jpg",0,3,0,"084a.jpg"
"356",5,"002b.jpg",1,NA,75,"002b_75_4.png"
"357",5,"005b.jpg",1,NA,75,"005b_75_4.png"
"358",5,"007b.jpg",1,NA,75,"007b_75_4.png"
"359",5,"008b.jpg",1,NA,50,"008b_50_4.png"
"360",5,"009a.jpg",1,NA,25,"009a_25_4.png"
"361",5,"011a.jpg",1,NA,25,"011a_25_4.png"
"362",5,"012b.jpg",1,NA,25,"012b_25_4.png"
"363",5,"013b.jpg",1,NA,25,"013b_25_4.png"
"364",5,"014b.jpg",1,NA,50,"014b_50_4.png"
"365",5,"016a.jpg",1,NA,50,"016a_50_4.png"
"366",5,"017a.jpg",1,NA,75,"017a_75_4.png"
"367",5,"018a.jpg",1,NA,50,"018a_50_4.png"
"368",5,"019b.jpg",1,NA,0,"019b.jpg"
"369",5,"020b.jpg",1,NA,0,"020b.jpg"
"370",5,"021a.jpg",1,NA,0,"021a.jpg"
"371",5,"023b.jpg",1,NA,25,"023b_25_4.png"
"372",5,"024a.jpg",1,NA,25,"024a_25_4.png"
"373",5,"025a.jpg",1,NA,25,"025a_25_4.png"
"374",5,"026a.jpg",1,NA,0,"026a.jpg"
"375",5,"027b.jpg",1,NA,0,"027b.jpg"
"376",5,"029a.jpg",1,NA,75,"029a_75_4.png"
"377",5,"031a.jpg",1,NA,0,"031a.jpg"
"378",5,"032a.jpg",1,NA,75,"032a_75_4.png"
"379",5,"033b.jpg",1,NA,75,"033b_75_4.png"
"380",5,"034b.jpg",1,NA,50,"034b_50_4.png"
"381",5,"036b.jpg",1,NA,50,"036b_50_4.png"
"382",5,"037b.jpg",1,NA,50,"037b_50_4.png"
"383",5,"038b.jpg",1,NA,50,"038b_50_4.png"
"384",5,"039a.jpg",1,NA,50,"039a_50_4.png"
"385",5,"040a.jpg",1,NA,75,"040a_75_4.png"
"386",5,"041a.jpg",1,NA,75,"041a_75_4.png"
"387",5,"042b.jpg",1,NA,25,"042b_25_4.png"
"388",5,"043b.jpg",1,NA,75,"043b_75_4.png"
"389",5,"044a.jpg",1,NA,0,"044a.jpg"
"390",5,"045b.jpg",1,NA,75,"045b_75_4.png"
"391",5,"046b.jpg",1,NA,50,"046b_50_4.png"
"392",5,"047a.jpg",1,NA,75,"047a_75_4.png"
"393",5,"048b.jpg",1,NA,25,"048b_25_4.png"
"394",5,"049b.jpg",1,NA,25,"049b_25_4.png"
"395",5,"050b.jpg",1,NA,0,"050b.jpg"
"396",5,"052a.jpg",1,NA,75,"052a_75_4.png"
"397",5,"053b.jpg",1,NA,0,"053b.jpg"
"398",5,"054b.jpg",1,NA,50,"054b_50_4.png"
"399",5,"055b.jpg",1,NA,25,"055b_25_4.png"
"400",5,"056a.jpg",1,NA,25,"056a_25_4.png"
"401",5,"057b.jpg",1,NA,0,"057b.jpg"
"402",5,"059b.jpg",1,NA,75,"059b_75_4.png"
"403",5,"062a.jpg",1,NA,75,"062a_75_4.png"
"404",5,"063b.jpg",1,NA,50,"063b_50_4.png"
"405",5,"064b.jpg",1,NA,0,"064b.jpg"
"406",5,"065a.jpg",1,NA,75,"065a_75_4.png"
"407",5,"067b.jpg",1,NA,50,"067b_50_4.png"
"408",5,"068a.jpg",1,NA,50,"068a_50_4.png"
"409",5,"069a.jpg",1,NA,50,"069a_50_4.png"
"410",5,"070a.jpg",1,NA,0,"070a.jpg"
"411",5,"071a.jpg",1,NA,50,"071a_50_4.png"
"412",5,"072b.jpg",1,NA,0,"072b.jpg"
"413",5,"074b.jpg",1,NA,0,"074b.jpg"
"414",5,"075b.jpg",1,NA,75,"075b_75_4.png"
"415",5,"076a.jpg",1,NA,25,"076a_25_4.png"
"416",5,"077b.jpg",1,NA,25,"077b_25_4.png"
"417",5,"078a.jpg",1,NA,25,"078a_25_4.png"
"418",5,"079a.jpg",1,NA,0,"079a.jpg"
"419",5,"080b.jpg",1,NA,25,"080b_25_4.png"
"420",5,"081a.jpg",1,NA,0,"081a.jpg"
"421",5,"082a.jpg",1,NA,25,"082a_25_4.png"
"422",5,"083a.jpg",1,NA,25,"083a_25_4.png"
"423",5,"085a.jpg",1,NA,50,"085a_50_4.png"
"424",5,"086a.jpg",1,NA,0,"086a.jpg"
"425",5,"087a.jpg",1,NA,75,"087a_75_4.png"
"426",5,"088a.jpg",1,NA,50,"088a_50_4.png"
"427",5,"090a.jpg",1,NA,50,"090a_50_4.png"
"428",5,"091b.jpg",1,NA,75,"091b_75_4.png"
"429",5,"092a.jpg",1,NA,0,"092a.jpg"
"430",5,"093a.jpg",1,NA,25,"093a_25_4.png"
"431",5,"094a.jpg",1,NA,50,"094a_50_4.png"
"432",5,"096a.jpg",1,NA,0,"096a.jpg"
"433",5,"097a.jpg",1,NA,25,"097a_25_4.png"
"434",5,"099b.jpg",1,NA,75,"099b_75_4.png"
"435",5,"100a.jpg",1,NA,0,"100a.jpg"
"436",5,"004a.jpg",0,4,0,"004a.jpg"
"437",5,"010b.jpg",0,4,0,"010b.jpg"
"438",5,"030b.jpg",0,4,0,"030b.jpg"
"439",5,"051a.jpg",0,4,0,"051a.jpg"
"440",5,"058a.jpg",0,4,0,"058a.jpg"
